{"loss": 133207.546875, "content_loss": 75038.71875, "style_loss": 42162.8828125, "stt_loss": 16005.9404296875, "_timestamp": 1699615267.7813377, "_runtime": 10.601795673370361, "_step": 99, "max-noise-img": 242.94642639160156, "_wandb": {"runtime": 211}}