{"loss": 121165.609375, "content_loss": 70663.484375, "style_loss": 39780.19140625, "stt_loss": 10721.9384765625, "_timestamp": 1699616824.1181467, "_runtime": 420.07521176338196, "_step": 199, "max-noise-img": 229.9107666015625, "_wandb": {"runtime": 422}}