{"loss": 120709.6640625, "content_loss": 70306.2421875, "style_loss": 39673.2109375, "stt_loss": 10730.2119140625, "_timestamp": 1699613683.5997498, "_runtime": 12.386695861816406, "_step": 199, "max-noise-img": 222.04458618164062, "_wandb": {"runtime": 1143}}