{"loss": 120811.0625, "content_loss": 70515.921875, "style_loss": 39588.14453125, "stt_loss": 10706.9970703125, "_timestamp": 1699615841.6736536, "_runtime": 355.93231868743896, "_step": 199, "max-noise-img": 231.63412475585938, "_wandb": {"runtime": 824}}